{
	"X":	583.617546711851,
	"Y":	457.70007957933126,
	"Facing":	-1
}